-- phpMyAdmin SQL Dump
-- version 4.5.1
-- http://www.phpmyadmin.net
--
-- Gép: 127.0.0.1
-- Létrehozás ideje: 2020. Feb 27. 06:55
-- Kiszolgáló verziója: 10.1.13-MariaDB
-- PHP verzió: 5.6.23

SET SQL_MODE = "NO_AUTO_VALUE_ON_ZERO";
SET time_zone = "+00:00";


/*!40101 SET @OLD_CHARACTER_SET_CLIENT=@@CHARACTER_SET_CLIENT */;
/*!40101 SET @OLD_CHARACTER_SET_RESULTS=@@CHARACTER_SET_RESULTS */;
/*!40101 SET @OLD_COLLATION_CONNECTION=@@COLLATION_CONNECTION */;
/*!40101 SET NAMES utf8mb4 */;

--
-- Adatbázis: `shy_money_v3_test`
--

-- --------------------------------------------------------

--
-- Tábla szerkezet ehhez a táblához `options`
--

CREATE TABLE `options` (
  `id` bigint(20) NOT NULL,
  `user_id` bigint(20) NOT NULL,
  `starting_sum` int(11) DEFAULT NULL,
  `starting_sum_date` date DEFAULT NULL,
  `unit_id` bigint(20) NOT NULL,
  `unit_count` int(11) DEFAULT NULL,
  `date_from` date NOT NULL,
  `date_to` date NOT NULL,
  `period_averages_date_from` date DEFAULT NULL,
  `period_averages_date_to` date DEFAULT NULL,
  `graph_view_date_from` date DEFAULT NULL,
  `graph_view_date_to` date DEFAULT NULL,
  `monthly_averages_date_from` date DEFAULT NULL,
  `monthly_averages_date_to` date DEFAULT NULL
) ENGINE=InnoDB DEFAULT CHARSET=utf8;

--
-- A tábla adatainak kiíratása `options`
--

INSERT INTO `options` (`id`, `user_id`, `starting_sum`, `starting_sum_date`, `unit_id`, `unit_count`, `date_from`, `date_to`, `period_averages_date_from`, `period_averages_date_to`, `graph_view_date_from`, `graph_view_date_to`, `monthly_averages_date_from`, `monthly_averages_date_to`) VALUES
(2, 1, 164203, '2010-09-07', 1, 5, '1000-01-01', '1000-01-01', '2014-01-01', '2017-01-01', '2014-01-01', '2016-01-01', '2014-01-01', '2017-01-01');

-- --------------------------------------------------------

--
-- Tábla szerkezet ehhez a táblához `sums`
--

CREATE TABLE `sums` (
  `id` bigint(20) NOT NULL,
  `title` varchar(500) DEFAULT NULL,
  `sum` int(11) NOT NULL,
  `date` date NOT NULL,
  `created` timestamp NOT NULL DEFAULT CURRENT_TIMESTAMP
) ENGINE=InnoDB DEFAULT CHARSET=utf8;

--
-- A tábla adatainak kiíratása `sums`
--

INSERT INTO `sums` (`id`, `title`, `sum`, `date`, `created`) VALUES
(1, 'DB82B', 760, '2014-11-07', '2016-08-16 19:08:46'),
(2, 'iwKZXFQD', 3736, '2016-01-13', '2016-08-16 19:08:46'),
(3, 'JJxrkr', 5709, '2014-06-27', '2016-08-16 19:08:46'),
(4, 'W8u2K', -5499, '2015-12-25', '2016-08-16 19:08:46'),
(5, 'lNlNrK', 630, '2016-11-02', '2016-08-16 19:08:46'),
(6, 'Wxu9du', -256, '2015-10-02', '2016-08-16 19:08:46'),
(7, 'CCgSxr1uI', -2389, '2016-03-26', '2016-08-16 19:08:46'),
(8, 'Uea0Yz', 4719, '2016-12-19', '2016-08-16 19:08:46'),
(9, 'tpmbVI0bt', 4799, '2015-03-26', '2016-08-16 19:08:46'),
(10, 'veKcy', 2765, '2014-03-07', '2016-08-16 19:08:46'),
(11, '22tuuNxc', -4633, '2014-04-04', '2016-08-16 19:08:46'),
(12, 'vyBHpHKm9T', 1606, '2014-08-08', '2016-08-16 19:08:46'),
(13, 'ptl1sZLYP', -3272, '2015-06-16', '2016-08-16 19:08:46'),
(14, 'ecp9tUjNF9', 4768, '2015-07-04', '2016-08-16 19:08:46'),
(15, 'xOC1zXgfP', -921, '2014-09-28', '2016-08-16 19:08:46'),
(16, 'Kvqe0', -3293, '2014-07-17', '2016-08-16 19:08:46'),
(17, '41rNLO', -5356, '2016-10-03', '2016-08-16 19:08:46'),
(18, '1xWnqws', 547, '2015-07-16', '2016-08-16 19:08:46'),
(19, 'gQCHp5r8D', -3499, '2015-09-28', '2016-08-16 19:08:46'),
(20, 'k4inz0o', -1476, '2016-08-03', '2016-08-16 19:08:46'),
(21, 'RE6M6', 3487, '2014-05-30', '2016-08-16 19:08:46'),
(22, 'Xnu4nd', 4042, '2015-02-11', '2016-08-16 19:08:46'),
(23, 'YC70v8', -4863, '2015-09-27', '2016-08-16 19:08:46'),
(24, 'ECWIGCUj', -10, '2014-03-28', '2016-08-16 19:08:46'),
(25, 'St6jyKguKj', 2663, '2016-11-16', '2016-08-16 19:08:46'),
(26, '9YaSOt9xE', -1974, '2016-11-08', '2016-08-16 19:08:46'),
(27, 'cyIyX', 4529, '2016-05-01', '2016-08-16 19:08:46'),
(28, '8onc19K9', 1676, '2014-05-05', '2016-08-16 19:08:46'),
(29, 'cKdYV3h', 4560, '2015-11-03', '2016-08-16 19:08:46'),
(30, '6Own0VD9UP', 764, '2014-11-15', '2016-08-16 19:08:46'),
(31, 'v5SafNH', 3397, '2015-04-19', '2016-08-16 19:08:46'),
(32, '8iWfr', 460, '2016-05-22', '2016-08-16 19:08:46'),
(33, '5DyjENwi', 4390, '2014-01-31', '2016-08-16 19:08:46'),
(34, '7xg2dL', 2585, '2016-09-14', '2016-08-16 19:08:46'),
(35, 'nTnQEq', 5343, '2016-09-23', '2016-08-16 19:08:46'),
(36, 'ARUQau', 3705, '2016-08-16', '2016-08-16 19:08:46'),
(37, 'cCLwdV5hL4', -3761, '2015-09-03', '2016-08-16 19:08:46'),
(38, 'GifvgsJq', 4667, '2015-09-01', '2016-08-16 19:08:46'),
(39, 'lOfEeQQI3', -5877, '2015-12-15', '2016-08-16 19:08:46'),
(40, 'mPl4YP0pM', 4668, '2016-09-05', '2016-08-16 19:08:46'),
(41, 'AyQCHNNdD', 5410, '2016-10-12', '2016-08-16 19:08:46'),
(42, 'Z0TkV7o0IQ', -4678, '2014-10-08', '2016-08-16 19:08:46'),
(43, 'EHt24AkrFI', 2109, '2015-06-12', '2016-08-16 19:08:46'),
(44, 'PNva1MRgP', 3683, '2015-12-05', '2016-08-16 19:08:46'),
(45, 'sL8qo5Q', -587, '2016-09-18', '2016-08-16 19:08:46'),
(46, '00AMmwN', 182, '2016-12-18', '2016-08-16 19:08:46'),
(47, 'aiCui', -65, '2015-03-17', '2016-08-16 19:08:46'),
(48, 'M4tz2', 2495, '2015-02-25', '2016-08-16 19:08:46'),
(49, 'Fc7vX', -3436, '2014-05-02', '2016-08-16 19:08:46'),
(50, 'phQcN', -5528, '2014-02-19', '2016-08-16 19:08:46'),
(51, 'D8NAVVBQ5', 2884, '2014-02-19', '2016-08-16 19:08:46'),
(52, '16VMPy', -2570, '2016-07-23', '2016-08-16 19:08:46'),
(53, 'ZltnEfmN8c', 5919, '2016-08-12', '2016-08-16 19:08:46'),
(54, 'kX8S8ejzgd', 4943, '2016-02-16', '2016-08-16 19:08:46'),
(55, 'ilDgLY', -5538, '2016-04-19', '2016-08-16 19:08:46'),
(56, 'YgWgR', 2741, '2014-10-10', '2016-08-16 19:08:46'),
(57, 'V3YVY', 279, '2016-01-24', '2016-08-16 19:08:46'),
(58, 'h79az', 5406, '2015-02-20', '2016-08-16 19:08:46'),
(59, 'dK6pv', -2927, '2016-04-17', '2016-08-16 19:08:46'),
(60, 'Jf5L0', -4141, '2015-06-29', '2016-08-16 19:08:46'),
(61, 'rzFOkA', -3041, '2014-09-06', '2016-08-16 19:08:46'),
(62, 'dunDrs', -4627, '2014-04-14', '2016-08-16 19:08:46'),
(63, '6eDlpfwLp9', 946, '2015-02-09', '2016-08-16 19:08:46'),
(64, 'RiV2sng9Sw', -2004, '2016-06-12', '2016-08-16 19:08:46'),
(65, '3zP6yNce', -1625, '2016-11-02', '2016-08-16 19:08:46'),
(66, '2xPO1', 2655, '2016-12-31', '2016-08-16 19:08:46'),
(67, 'aafN6usS0a', -3937, '2016-02-10', '2016-08-16 19:08:46'),
(68, 'm5zwW', 2338, '2016-11-26', '2016-08-16 19:08:46'),
(69, '72wpD', -4659, '2016-02-02', '2016-08-16 19:08:46'),
(70, 'rKyW4gFD', -762, '2016-12-18', '2016-08-16 19:08:46'),
(71, 'Oacghe0VlO', 5421, '2015-07-10', '2016-08-16 19:08:46'),
(72, 'VClCsh0iD', -1267, '2016-12-16', '2016-08-16 19:08:46'),
(73, 'yoNp8LYJSN', -3843, '2015-12-10', '2016-08-16 19:08:46'),
(74, 'oIgw9v', 1516, '2015-11-22', '2016-08-16 19:08:46'),
(75, 'zoMcxjYl', -4988, '2016-09-25', '2016-08-16 19:08:46'),
(76, '4StOm', -2390, '2016-06-07', '2016-08-16 19:08:46'),
(77, 'Euz1vC', 5345, '2015-03-22', '2016-08-16 19:08:46'),
(78, 'pi9yLb', 2923, '2014-08-28', '2016-08-16 19:08:46'),
(79, 'hg1Oa6Ut', 4562, '2014-03-16', '2016-08-16 19:08:46'),
(80, 'VfL5BCz2og', -4371, '2014-12-27', '2016-08-16 19:08:46'),
(81, 'sgHlm1rbS', -2507, '2016-12-28', '2016-08-16 19:08:46'),
(82, '3y1cSh7y', -220, '2014-02-27', '2016-08-16 19:08:46'),
(83, 'uFtsb', 723, '2015-09-24', '2016-08-16 19:08:46'),
(84, 'aJWrQB', -3662, '2016-10-18', '2016-08-16 19:08:46'),
(85, '3Rna0Sd5', -3857, '2016-05-03', '2016-08-16 19:08:46'),
(86, 'oUYxzH8a', 2106, '2015-10-08', '2016-08-16 19:08:46'),
(87, 'LCFuX7YSK', -712, '2016-01-28', '2016-08-16 19:08:46'),
(88, 'yDplgGe8nM', 139, '2016-07-26', '2016-08-16 19:08:46'),
(89, 'zc5MqlXJYL', -2557, '2014-11-17', '2016-08-16 19:08:46'),
(90, 'j5O8SPTl', -727, '2016-02-13', '2016-08-16 19:08:46'),
(91, 'qsOSro', 3259, '2015-02-11', '2016-08-16 19:08:46'),
(92, 'mcq376X5F', 1859, '2016-08-28', '2016-08-16 19:08:46'),
(93, 'nowzIlL7V', -508, '2016-01-07', '2016-08-16 19:08:46'),
(94, 't8k3SNXd7', -44, '2016-09-15', '2016-08-16 19:08:46'),
(95, 'XfrVKNtR', -3743, '2015-11-27', '2016-08-16 19:08:46'),
(97, 'nJZgC70UP', 4425, '2015-08-09', '2016-08-16 19:08:46'),
(98, 'iwxovFsQ', 4673, '2015-07-31', '2016-08-16 19:08:46'),
(99, 'mODx6FDJ', -1099, '2015-03-03', '2016-08-16 19:08:46'),
(100, 'ARvx6LZy', 3172, '2016-09-30', '2016-08-16 19:08:46'),
(101, 'CjIVf42R', 5865, '2015-09-15', '2016-08-16 19:08:46'),
(102, 'mVNDQFeelT', -4878, '2016-11-25', '2016-08-16 19:08:46'),
(103, 'WKHvKBsuOl', -4881, '2014-07-30', '2016-08-16 19:08:46'),
(104, 'RzROGXA6JY', -5238, '2016-09-21', '2016-08-16 19:08:46'),
(105, 'KQMGh', -1869, '2015-12-07', '2016-08-16 19:08:46'),
(106, 'KvwAPAoMAe', -4931, '2014-10-19', '2016-08-16 19:08:46'),
(107, '76EKHvlUG0', 45, '2015-08-06', '2016-08-16 19:08:46'),
(108, '5g3wjhilf', 834, '2014-01-05', '2016-08-16 19:08:46'),
(109, 'JF7nA', -4511, '2016-06-22', '2016-08-16 19:08:46'),
(110, 'rpAbzDpK', 5686, '2014-04-06', '2016-08-16 19:08:46'),
(111, 'P9ZteMB', 3015, '2015-09-14', '2016-08-16 19:08:46'),
(112, 'vss5OdDl1', 637, '2015-03-02', '2016-08-16 19:08:46'),
(113, 'xewMd', -5491, '2016-04-03', '2016-08-16 19:08:46'),
(114, 'LVB81', -5975, '2014-05-16', '2016-08-16 19:08:46'),
(115, 'GkaDADuTb', -1714, '2014-08-16', '2016-08-16 19:08:46'),
(116, 'sdSXyZT2bs', -183, '2015-01-07', '2016-08-16 19:08:46'),
(117, 'VokMWpq', -1043, '2016-04-07', '2016-08-16 19:08:46'),
(118, 'ODrKRh1', -1177, '2014-11-19', '2016-08-16 19:08:46'),
(119, 'ntle3', -574, '2014-09-30', '2016-08-16 19:08:46'),
(120, 'kKVwB', -4618, '2016-05-20', '2016-08-16 19:08:46'),
(121, 'DJcbeYdOW', 3519, '2014-01-22', '2016-08-16 19:08:46'),
(122, 'DRztIdGM', 2339, '2014-04-04', '2016-08-16 19:08:46'),
(123, 'GJa9K', 4204, '2015-04-16', '2016-08-16 19:08:46'),
(124, 'yL5ZI3jcFh', -1719, '2016-05-15', '2016-08-16 19:08:46'),
(125, '8hri1o38w9', 5969, '2015-05-02', '2016-08-16 19:08:46'),
(126, 'D7ZHfpw9cF', 1033, '2016-06-16', '2016-08-16 19:08:46'),
(127, 'KyWFy', 4783, '2014-09-23', '2016-08-16 19:08:46'),
(128, 'FZduoeJ', 2282, '2014-02-10', '2016-08-16 19:08:46'),
(129, 'dcDXwn', 2506, '2015-04-01', '2016-08-16 19:08:46'),
(130, '28V3mDK1F', -3465, '2016-05-25', '2016-08-16 19:08:46'),
(131, 'OZBuvGboL', -89, '2016-10-06', '2016-08-16 19:08:46'),
(132, '6ojgoH3', 5105, '2015-09-02', '2016-08-16 19:08:46'),
(133, 'K7jLK', -905, '2016-06-08', '2016-08-16 19:08:46'),
(134, 'zKXWbI7lz', 1639, '2014-08-13', '2016-08-16 19:08:46'),
(135, 'DD4aV', 2778, '2014-10-23', '2016-08-16 19:08:46'),
(136, 'N6bvCD4', -1464, '2015-06-22', '2016-08-16 19:08:46'),
(137, 'ukvjZaYyZh', 2897, '2015-03-20', '2016-08-16 19:08:46'),
(138, 'lQgw3', -4223, '2016-12-25', '2016-08-16 19:08:46'),
(139, '1CnlZ8aFi', 3264, '2016-06-29', '2016-08-16 19:08:46'),
(140, 'H8RIEHMZk', 5541, '2015-04-02', '2016-08-16 19:08:46'),
(141, 'UGNUM2L', -5574, '2015-03-04', '2016-08-16 19:08:46'),
(142, 'EUnrlld9O', 999, '2014-07-27', '2016-08-16 19:08:46'),
(143, 'GXYOvtmJZ', 4425, '2016-05-05', '2016-08-16 19:08:46'),
(144, 'JPTEoVtt', 5905, '2016-05-16', '2016-08-16 19:08:46'),
(145, 'j9QTx', -832, '2016-02-02', '2016-08-16 19:08:46'),
(146, 'rcFzHq', 137, '2016-11-08', '2016-08-16 19:08:46'),
(147, 'jsuOWo1dnP', 3952, '2015-01-21', '2016-08-16 19:08:46'),
(148, '8xybA', -593, '2016-12-07', '2016-08-16 19:08:46'),
(149, 'pjy8mY07', -4392, '2014-06-15', '2016-08-16 19:08:46'),
(150, 'qt1tTp', -4083, '2016-07-25', '2016-08-16 19:08:46'),
(151, 'aQNZ1', -5868, '2015-07-19', '2016-08-16 19:08:46'),
(152, 't1yEVhGP', -3358, '2014-11-30', '2016-08-16 19:08:46'),
(153, '2ZlLICnW', 4711, '2014-11-06', '2016-08-16 19:08:46'),
(154, 'CYJzsdggDI', 2410, '2016-11-27', '2016-08-16 19:08:46'),
(155, 'CnlAroa0F', 1440, '2016-02-02', '2016-08-16 19:08:46'),
(156, 'jOb6j', -3928, '2015-03-05', '2016-08-16 19:08:46'),
(157, 'Tz8mLqF7AN', 4486, '2015-10-08', '2016-08-16 19:08:46'),
(158, '6YvfgKh', -4736, '2015-03-21', '2016-08-16 19:08:46'),
(159, 'u60Bu', 4853, '2015-11-14', '2016-08-16 19:08:46'),
(160, 'BDoV5', 3303, '2015-12-28', '2016-08-16 19:08:46'),
(161, '5FgfeJoglS', 2141, '2014-05-26', '2016-08-16 19:08:46'),
(162, 'nUh58', -2501, '2014-09-29', '2016-08-16 19:08:46'),
(163, 'Ef3QSPTW', 2843, '2016-08-31', '2016-08-16 19:08:46'),
(164, 'nOVhM', 965, '2016-08-03', '2016-08-16 19:08:46'),
(165, 'c2EGzMAJ', 521, '2016-02-02', '2016-08-16 19:08:46'),
(166, 'LJdGaom', 3482, '2016-04-22', '2016-08-16 19:08:46'),
(167, '4KpFJS1', -1457, '2016-03-23', '2016-08-16 19:08:46'),
(168, 'dnPqdcJI2', 47, '2014-02-18', '2016-08-16 19:08:46'),
(169, 'tnWZ1HdBD', -236, '2016-04-30', '2016-08-16 19:08:46'),
(170, 'FqVK03j', -3628, '2016-08-29', '2016-08-16 19:08:46'),
(171, 'G9ZMb2YQqB', 2285, '2014-12-05', '2016-08-16 19:08:46'),
(172, 'a0balx', 1411, '2016-10-11', '2016-08-16 19:08:46'),
(173, 'aPiEU5HF', -760, '2015-08-06', '2016-08-16 19:08:46'),
(174, 'bi6JZFVbJI', 1659, '2014-09-06', '2016-08-16 19:08:46'),
(175, 'FrJ2olTb3', -4953, '2016-02-23', '2016-08-16 19:08:46'),
(176, 'Ga5pws9', 5250, '2014-01-09', '2016-08-16 19:08:46'),
(177, 'NYOOq', 1575, '2016-05-17', '2016-08-16 19:08:46'),
(178, 'ZJRBAXR', -1875, '2014-02-19', '2016-08-16 19:08:46'),
(179, 'Iv8HW', 3176, '2015-06-01', '2016-08-16 19:08:46'),
(180, 'gbcmqrU', 1542, '2015-10-08', '2016-08-16 19:08:46'),
(181, 'cSuI0', -105, '2016-07-31', '2016-08-16 19:08:46'),
(182, 'Ht7O6sDYk', 1955, '2014-06-21', '2016-08-16 19:08:46'),
(183, 'N852DAk9V', -5413, '2014-04-29', '2016-08-16 19:08:46'),
(184, 'YjLr4juO', 1804, '2016-05-17', '2016-08-16 19:08:46'),
(185, 'Iie54yIEj', 2244, '2014-01-03', '2016-08-16 19:08:46'),
(186, '5pPpp', -2365, '2015-01-05', '2016-08-16 19:08:46'),
(187, '2eGzuP3DE', 4521, '2014-03-30', '2016-08-16 19:08:46'),
(188, '9At6ja3u0', -717, '2014-08-08', '2016-08-16 19:08:46'),
(189, 'E1kWC', -1922, '2014-09-06', '2016-08-16 19:08:46'),
(190, 'UQtPLuibtT', -5, '2015-11-25', '2016-08-16 19:08:46'),
(191, 'lMQskP48c', 1089, '2016-12-21', '2016-08-16 19:08:46'),
(192, 'w1wDq', -4092, '2015-02-24', '2016-08-16 19:08:46'),
(193, '4Fzp5x', 5, '2014-05-24', '2016-08-16 19:08:46'),
(194, 'zllwvLIj', -772, '2015-07-14', '2016-08-16 19:08:46'),
(195, 'reoIR', 3815, '2016-07-18', '2016-08-16 19:08:46'),
(196, 'DbDYJY9ZL', 953, '2015-01-10', '2016-08-16 19:08:46'),
(197, 'IJyEVTZ3I', 2539, '2016-10-11', '2016-08-16 19:08:46'),
(198, 'oGWG4', 4085, '2016-02-27', '2016-08-16 19:08:46'),
(199, '8oisv1x', 4116, '2015-04-11', '2016-08-16 19:08:46'),
(200, 'x8MSn3rtp', -1646, '2014-08-06', '2016-08-16 19:08:46'),
(201, 'SmRsjCtG', -3635, '2016-03-30', '2016-08-16 19:08:46'),
(202, 'PImaI', 316, '2014-08-06', '2016-08-16 19:08:46'),
(203, 'hxEerxE', -2049, '2014-12-19', '2016-08-16 19:08:46'),
(204, 'vFLcQtPa', -3680, '2014-01-25', '2016-08-16 19:08:46'),
(205, 'xyTfu9Po0I', -671, '2014-09-24', '2016-08-16 19:08:46'),
(206, 'LC3Ar', -1225, '2015-09-29', '2016-08-16 19:08:46'),
(208, '6pCBmQE1', -3088, '2015-04-09', '2016-08-16 19:08:46'),
(209, 'xd0fvF', 3233, '2014-02-06', '2016-08-16 19:08:46'),
(210, 'R512Tp', 4408, '2016-02-20', '2016-08-16 19:08:46'),
(211, 'Ld3sYX49Ix', 4255, '2016-11-21', '2016-08-16 19:08:46'),
(212, 'qCAyWYv9ve', -4255, '2014-10-29', '2016-08-16 19:08:46'),
(213, 'm8iWD9j', 452, '2016-05-07', '2016-08-16 19:08:46'),
(214, 'x9ZtP4Pfk', -5129, '2015-01-19', '2016-08-16 19:08:46'),
(215, 'NhLG5Xpddx', 1293, '2016-01-19', '2016-08-16 19:08:46'),
(216, 'SQNAVxU4Aq', 3529, '2016-01-31', '2016-08-16 19:08:46'),
(217, 'q6Jh0Tk', -2124, '2015-01-12', '2016-08-16 19:08:46'),
(218, 'W96kZ', 5593, '2016-03-16', '2016-08-16 19:08:46'),
(219, 'scFYpc0W', -4134, '2015-09-01', '2016-08-16 19:08:46'),
(220, 'aDZWy', 1359, '2016-08-07', '2016-08-16 19:08:46'),
(221, 'syxm5tyP', -4646, '2016-02-11', '2016-08-16 19:08:46'),
(222, 'KuUHiQ', -3561, '2016-05-21', '2016-08-16 19:08:46'),
(223, 'XVGMHbAK', 1768, '2014-09-28', '2016-08-16 19:08:46'),
(224, 'Qf1wqr0n', -306, '2015-08-05', '2016-08-16 19:08:46'),
(225, 'S93OyZNhF', -2134, '2015-03-10', '2016-08-16 19:08:46'),
(226, 'HAAgOB', 3884, '2014-08-22', '2016-08-16 19:08:46'),
(227, 'JozHPOI', 3247, '2015-10-16', '2016-08-16 19:08:46'),
(228, 'Kw1xe', 2765, '2015-10-08', '2016-08-16 19:08:46'),
(229, 'aqMYJgvX', 4905, '2015-09-02', '2016-08-16 19:08:46'),
(230, 'BRbYx', -3924, '2014-11-09', '2016-08-16 19:08:46'),
(231, '68hw3xwgs8', -4412, '2015-01-14', '2016-08-16 19:08:46'),
(232, 'OZHQj3To', -2838, '2015-01-08', '2016-08-16 19:08:46'),
(233, 'SfHmzC', 4744, '2015-08-06', '2016-08-16 19:08:46'),
(234, 'Q8sIVW', -4628, '2014-04-03', '2016-08-16 19:08:46'),
(235, 'paG632zDIH', -3173, '2016-06-27', '2016-08-16 19:08:46'),
(236, 'unekZQOHaa', 711, '2016-10-08', '2016-08-16 19:08:46'),
(237, 'FqPocHBb', 766, '2016-05-27', '2016-08-16 19:08:46'),
(238, 'LQt8IKE', -2532, '2014-02-15', '2016-08-16 19:08:46'),
(239, 'fvzpZ', 3544, '2014-04-05', '2016-08-16 19:08:46'),
(240, '0AG0I', -746, '2016-04-11', '2016-08-16 19:08:46'),
(241, '4I5ekZr7', 5173, '2016-05-23', '2016-08-16 19:08:46'),
(242, 'IXXZCNREj', 5830, '2016-11-14', '2016-08-16 19:08:46'),
(243, 'bWwhyLt5', -3620, '2016-01-10', '2016-08-16 19:08:46'),
(244, 'XTXDxOInn', -2292, '2014-02-18', '2016-08-16 19:08:46'),
(245, 'lZKsTOs', 633, '2016-04-10', '2016-08-16 19:08:46'),
(246, 's2G69', -1254, '2014-06-25', '2016-08-16 19:08:46'),
(247, 'JLQF7Sxxn', -2399, '2015-12-14', '2016-08-16 19:08:46'),
(248, 'xjmry9gC', -3533, '2014-01-27', '2016-08-16 19:08:46'),
(249, 'Q9YgD', -2136, '2016-06-30', '2016-08-16 19:08:46'),
(250, 'ktHO6a', 4822, '2015-05-27', '2016-08-16 19:08:46'),
(251, 'CdgL5Zklx', 2505, '2014-05-18', '2016-08-16 19:08:46'),
(252, 'trhjfTLDM', 2714, '2015-03-10', '2016-08-16 19:08:46'),
(253, 'acYVgRkf', -2676, '2015-10-21', '2016-08-16 19:08:46'),
(254, 'k2nQy', -5212, '2014-10-26', '2016-08-16 19:08:46'),
(255, 'ODPsDMkv', -2327, '2014-08-28', '2016-08-16 19:08:46'),
(256, 'hoMBQ', -1361, '2015-11-23', '2016-08-16 19:08:46'),
(257, '4sL91Hjm9', 1321, '2016-02-25', '2016-08-16 19:08:46'),
(258, 'kLJOYpT', -5328, '2016-11-16', '2016-08-16 19:08:46'),
(259, 'MoWn7bup2C', -1579, '2016-10-19', '2016-08-16 19:08:46'),
(260, 'hwQW4', -2924, '2014-05-22', '2016-08-16 19:08:46'),
(261, 'OqVs3NW6hy', -327, '2014-05-07', '2016-08-16 19:08:46'),
(262, 'HY5rQT', 500, '2016-06-09', '2016-08-16 19:08:46'),
(263, 'Byfjti6kG', 1151, '2016-07-21', '2016-08-16 19:08:46'),
(264, '1yrIxsWJc', -3946, '2014-05-29', '2016-08-16 19:08:46'),
(265, 'fTmW0e', -2388, '2015-09-30', '2016-08-16 19:08:46'),
(266, 'Bi7ekM', 4250, '2016-08-01', '2016-08-16 19:08:46'),
(267, 'wZv9i', 1621, '2015-12-09', '2016-08-16 19:08:46'),
(268, 'xEVuhhe', -1132, '2016-11-29', '2016-08-16 19:08:46'),
(269, 'N08Ewi', -3951, '2015-02-09', '2016-08-16 19:08:46'),
(270, 'UXVhtDt', 3382, '2015-01-26', '2016-08-16 19:08:46'),
(271, 'qrH2vwA', -3373, '2016-09-24', '2016-08-16 19:08:46'),
(272, 'l76yMAV8ci', -4906, '2014-03-09', '2016-08-16 19:08:46'),
(273, 'uPLhHJt', 64, '2014-09-14', '2016-08-16 19:08:46'),
(274, '0GqVypB', -2395, '2016-12-09', '2016-08-16 19:08:46'),
(275, 'KRuCQh7', 3091, '2016-04-02', '2016-08-16 19:08:46'),
(276, 'TqnGg', 4130, '2014-02-20', '2016-08-16 19:08:46'),
(277, 'yW4RYRW', -4177, '2016-08-21', '2016-08-16 19:08:46'),
(278, 'zxseGsxJtp', 5525, '2015-04-08', '2016-08-16 19:08:46'),
(279, '4rfcCxktG', -3560, '2015-02-07', '2016-08-16 19:08:46'),
(280, 'wBkwOVz7', 536, '2016-12-13', '2016-08-16 19:08:46'),
(281, 'UUO9Z', 2138, '2016-09-05', '2016-08-16 19:08:46'),
(282, 'q6KTj', -4540, '2016-03-20', '2016-08-16 19:08:46'),
(283, 'Q7lth', -2481, '2016-01-23', '2016-08-16 19:08:46'),
(284, 'H2IIl', -545, '2015-01-03', '2016-08-16 19:08:46'),
(285, 'U2afTsiO', 1042, '2014-08-03', '2016-08-16 19:08:46'),
(286, 'h3vvnCPaT7', -924, '2014-09-04', '2016-08-16 19:08:46'),
(287, 'e0ei4', -2194, '2015-11-23', '2016-08-16 19:08:46'),
(288, '9SdnwtX', 3961, '2016-10-29', '2016-08-16 19:08:46'),
(289, 'G271paZs1b', -4087, '2015-12-19', '2016-08-16 19:08:46'),
(290, 'YiEOJ', 4644, '2016-03-13', '2016-08-16 19:08:46'),
(291, 'dPK5HA', 2219, '2014-09-04', '2016-08-16 19:08:46'),
(292, 'AiqobBXQ', -4366, '2015-08-30', '2016-08-16 19:08:46'),
(293, 'VAqu86fPk', 818, '2016-01-31', '2016-08-16 19:08:46'),
(294, 'TqzFqCO', 3017, '2014-05-27', '2016-08-16 19:08:46'),
(295, 'kTIOoUze', 49, '2016-03-13', '2016-08-16 19:08:46'),
(296, 'iObHBo9u7', 4872, '2016-04-11', '2016-08-16 19:08:46'),
(297, 'Wn7zcbxVt', -3928, '2014-09-17', '2016-08-16 19:08:46'),
(298, 'kTuBEGFKGj', 3113, '2014-08-24', '2016-08-16 19:08:46'),
(299, 'jlW0rT7Cp', -5339, '2015-09-19', '2016-08-16 19:08:46'),
(300, 'Y9MzP', 34, '2015-01-11', '2016-08-16 19:08:46'),
(301, 'aDAeN', -4584, '2016-11-28', '2016-08-16 19:08:46'),
(302, 'zXSy3', 5137, '2016-01-11', '2016-08-16 19:08:46'),
(303, 'QUKqYG8', -1384, '2014-06-15', '2016-08-16 19:08:46'),
(304, 'XtfAvq', -4210, '2015-12-17', '2016-08-16 19:08:46'),
(305, 'MG5l6ZHQ', 2568, '2014-09-17', '2016-08-16 19:08:46'),
(306, 'xFP8tVwo', -4513, '2016-08-28', '2016-08-16 19:08:46'),
(307, 'CYltYWtR', -157, '2014-04-25', '2016-08-16 19:08:46'),
(308, 'zS1hpAuwTL', 4120, '2014-02-10', '2016-08-16 19:08:46'),
(309, 'KHU3GbiB', -2664, '2016-11-12', '2016-08-16 19:08:46'),
(310, '454RFUGMi', -129, '2016-01-13', '2016-08-16 19:08:46'),
(311, 'AuCfAc', -253, '2016-04-11', '2016-08-16 19:08:46'),
(312, '87rPulVvT', -3816, '2016-11-19', '2016-08-16 19:08:46'),
(313, '9zgwR9FH4', 2766, '2016-02-24', '2016-08-16 19:08:46'),
(314, 'J6qIQ0uk', 3673, '2016-11-16', '2016-08-16 19:08:46'),
(315, 'FwYC6pdU', 1080, '2015-12-10', '2016-08-16 19:08:46'),
(316, 'xdCxJa', -438, '2015-05-29', '2016-08-16 19:08:46'),
(317, 'gpc0lRt', -4497, '2016-02-02', '2016-08-16 19:08:46'),
(318, 'Sxeq2H', 4953, '2015-02-06', '2016-08-16 19:08:46'),
(319, '6AN53', 1949, '2014-01-28', '2016-08-16 19:08:46'),
(320, 'ds4oD1yKFN', 3811, '2016-10-28', '2016-08-16 19:08:46'),
(321, 'RWQ3j6jt0', 3094, '2014-07-20', '2016-08-16 19:08:46'),
(322, 'QeUS5', -5832, '2015-07-01', '2016-08-16 19:08:46'),
(323, 'l3Leypo632', -3977, '2016-04-29', '2016-08-16 19:08:46'),
(324, 'INA1TIqiri', -859, '2016-12-07', '2016-08-16 19:08:46'),
(325, 'f2kk7ws9x', -3012, '2014-11-20', '2016-08-16 19:08:46'),
(326, 'VaUPXh37N', 1299, '2015-01-27', '2016-08-16 19:08:46'),
(327, 'twOeV5GsQG', 2869, '2014-07-02', '2016-08-16 19:08:46'),
(328, 'TVki0hOv', 4371, '2016-01-09', '2016-08-16 19:08:46'),
(329, 'kuc9d6nvY', -5775, '2015-03-09', '2016-08-16 19:08:46'),
(330, 'ohXaUCmP3', 2732, '2015-06-29', '2016-08-16 19:08:46'),
(331, 'fb6BUj', 2481, '2014-09-13', '2016-08-16 19:08:46'),
(332, 'FoOwmp', 1596, '2014-05-17', '2016-08-16 19:08:46'),
(333, 'Bebdaj7qID', -1062, '2015-08-07', '2016-08-16 19:08:46'),
(334, '1AmQRCHcvZ', -4378, '2014-04-13', '2016-08-16 19:08:46'),
(335, 'RAFImtFMC2', -1466, '2014-06-25', '2016-08-16 19:08:46'),
(336, '6cCQhJ3iBn', -5341, '2016-12-24', '2016-08-16 19:08:46'),
(337, 'A1S67', -5142, '2016-10-15', '2016-08-16 19:08:46'),
(338, 'txqVR', -1574, '2016-08-17', '2016-08-16 19:08:46'),
(339, 'u4Z7m', -1435, '2016-08-29', '2016-08-16 19:08:46'),
(340, '4CK1hv', 5370, '2016-06-03', '2016-08-16 19:08:46'),
(341, 'lITPS8Qd6', 5880, '2014-11-19', '2016-08-16 19:08:46'),
(342, '4N2QMGG2', -5577, '2015-06-23', '2016-08-16 19:08:46'),
(343, '9pbuork8C', 2426, '2014-11-02', '2016-08-16 19:08:46'),
(344, 'rCSiCTB', 792, '2016-03-29', '2016-08-16 19:08:46'),
(345, 'okaEbVIoSf', -1259, '2014-12-21', '2016-08-16 19:08:46'),
(346, 'pPq0BhHEI', 5920, '2015-04-08', '2016-08-16 19:08:46'),
(347, '1157urgHW', 2006, '2015-10-31', '2016-08-16 19:08:46'),
(348, 'fGfkYewtF', -202, '2014-12-28', '2016-08-16 19:08:46'),
(349, '9lfSWK6dw', -4784, '2015-10-01', '2016-08-16 19:08:46'),
(350, 'ZoovYp7fq1', -39, '2016-08-27', '2016-08-16 19:08:46'),
(351, 'ibSAgpiK', 4248, '2014-08-02', '2016-08-16 19:08:46'),
(352, '8RCGB', -3555, '2016-09-14', '2016-08-16 19:08:46'),
(353, 'RxLblwp1', -3475, '2016-08-18', '2016-08-16 19:08:46'),
(354, 'Ar6qkKwdwo', 167, '2014-03-12', '2016-08-16 19:08:46'),
(355, '1710tdX', 2630, '2014-10-03', '2016-08-16 19:08:46'),
(356, 'Nr9f6gl', -2713, '2014-02-03', '2016-08-16 19:08:46'),
(357, 'TiwxNdrX9', 5948, '2016-03-13', '2016-08-16 19:08:46'),
(358, '2CF5E3', -2935, '2015-11-29', '2016-08-16 19:08:46'),
(359, 'j7PppU', -1818, '2014-12-16', '2016-08-16 19:08:46'),
(360, 'b2FTaeA7kF', 5906, '2015-06-16', '2016-08-16 19:08:46'),
(361, '8A5C8', -4519, '2016-02-12', '2016-08-16 19:08:46'),
(362, '1ijQYoHse', 3366, '2016-10-24', '2016-08-16 19:08:46'),
(363, 'JzsOzu8pA', 3604, '2014-01-27', '2016-08-16 19:08:46'),
(364, 'yj2T0yF7S8', 4058, '2015-02-04', '2016-08-16 19:08:46'),
(365, 'NREIGDwBIe', 1112, '2015-10-24', '2016-08-16 19:08:46'),
(366, 'wDKIIWmH', -1338, '2015-11-07', '2016-08-16 19:08:46'),
(367, 'DKCYreu', -5086, '2014-02-22', '2016-08-16 19:08:46'),
(369, 'ZLS5Iu', -2049, '2016-04-07', '2016-08-16 19:08:46'),
(370, '4mpWYdOx', -4911, '2016-04-08', '2016-08-16 19:08:46'),
(371, 'AdGS3oEe', -4212, '2015-10-25', '2016-08-16 19:08:46'),
(372, 'XfPDwiMX', -3274, '2014-09-06', '2016-08-16 19:08:46'),
(373, 'hnSXEKoaoL', -4844, '2014-02-23', '2016-08-16 19:08:46'),
(374, 'ZmFmN1', -3120, '2016-12-17', '2016-08-16 19:08:46'),
(375, 'rpAAgpT34u', -1469, '2016-02-27', '2016-08-16 19:08:46'),
(376, '11Mad5aUw0', -5697, '2014-02-14', '2016-08-16 19:08:46'),
(377, 'tiNYIs', 1384, '2016-01-01', '2016-08-16 19:08:46'),
(378, 'oYiEc', -779, '2014-05-03', '2016-08-16 19:08:46'),
(379, 'hRIlKw', 1464, '2015-10-01', '2016-08-16 19:08:46'),
(380, 'R72VIHPv', 3127, '2014-03-01', '2016-08-16 19:08:46'),
(381, 'D5hLFuE', -3863, '2015-02-20', '2016-08-16 19:08:46'),
(382, 'mUADHSl8', -2189, '2016-07-21', '2016-08-16 19:08:46'),
(383, 'V70iWl', 3653, '2014-03-19', '2016-08-16 19:08:46'),
(384, '31FZw3WPkb', 5284, '2015-05-24', '2016-08-16 19:08:46'),
(385, 'hT8VmjT', -4653, '2016-08-20', '2016-08-16 19:08:46'),
(386, '1rAz4Or', -5519, '2014-06-20', '2016-08-16 19:08:46'),
(387, 'SGjF5Sf0', -2273, '2016-09-14', '2016-08-16 19:08:46'),
(388, 'GJt60dM8TE', 3361, '2016-12-31', '2016-08-16 19:08:46'),
(389, 'ggJFOqkL8', 279, '2014-12-24', '2016-08-16 19:08:46'),
(390, 'Iquqs', -3457, '2016-11-07', '2016-08-16 19:08:46'),
(391, '6JAmRsUV', 2466, '2016-12-21', '2016-08-16 19:08:46'),
(392, 'wde2y8aY', 4327, '2014-11-03', '2016-08-16 19:08:46'),
(393, '2kIdZJXX', -1268, '2014-04-27', '2016-08-16 19:08:46'),
(394, 'q1vVTh0Z4P', 5412, '2014-07-11', '2016-08-16 19:08:46'),
(395, 'Or82vOkScg', 2188, '2015-10-20', '2016-08-16 19:08:46'),
(396, 'BSidb', 3921, '2015-01-21', '2016-08-16 19:08:46'),
(397, 'iuJvP9na', -5923, '2014-11-26', '2016-08-16 19:08:46'),
(398, 'PVhahvDlC', -3039, '2014-12-27', '2016-08-16 19:08:46'),
(399, 'BCg58T', -5565, '2016-07-09', '2016-08-16 19:08:46'),
(400, 'cpWha4Ub', -1864, '2016-07-07', '2016-08-16 19:08:46'),
(401, '4qWflbeFgx', 917, '2014-06-23', '2016-08-16 19:08:46'),
(402, 'pnZOpvg', -4103, '2016-07-27', '2016-08-16 19:08:46'),
(403, '8376yoT', -4084, '2016-03-17', '2016-08-16 19:08:46'),
(404, 'tNQKF', 3545, '2015-11-06', '2016-08-16 19:08:46'),
(405, '8YYuX', 4980, '2014-09-10', '2016-08-16 19:08:46'),
(406, 'iK9kEzIf', -1152, '2016-02-15', '2016-08-16 19:08:46'),
(407, 'cwO1VVTA', 2981, '2014-07-24', '2016-08-16 19:08:46'),
(408, '1x9YSxQ', -2004, '2015-12-29', '2016-08-16 19:08:46'),
(409, 'VcxCjjdt', 838, '2015-06-04', '2016-08-16 19:08:46'),
(410, 'WefxT', -3021, '2016-10-30', '2016-08-16 19:08:46'),
(411, 'HBpLMlpWzv', -5525, '2014-06-02', '2016-08-16 19:08:46'),
(412, '9DZxRQvQg', 1457, '2014-10-14', '2016-08-16 19:08:46'),
(413, 'gq0hI936v', -2864, '2016-08-30', '2016-08-16 19:08:46'),
(414, 'WPW4sFNdl', 1248, '2014-05-15', '2016-08-16 19:08:46'),
(415, 'sj1bsGvKdL', 2660, '2015-08-21', '2016-08-16 19:08:46'),
(416, '4NkcKPg9z', 5631, '2014-01-31', '2016-08-16 19:08:46'),
(418, 'LoWAID', 32, '2015-02-03', '2016-08-16 19:08:46'),
(419, 'lclwc', -897, '2016-10-17', '2016-08-16 19:08:46'),
(420, 'ZSeiLYPC', -2190, '2016-03-27', '2016-08-16 19:08:46'),
(421, 'e334A8Q', -3379, '2014-08-06', '2016-08-16 19:08:46'),
(422, 'rv198', -2952, '2016-04-20', '2016-08-16 19:08:46'),
(423, 'uShIfpVR', 5672, '2014-11-20', '2016-08-16 19:08:46'),
(424, 'n2leLH6rx', 2924, '2014-11-13', '2016-08-16 19:08:46'),
(425, 'x1CME3R', 5715, '2016-01-13', '2016-08-16 19:08:46'),
(426, 'Y8SVDRzRqZ', -3777, '2015-03-12', '2016-08-16 19:08:46'),
(427, 'pJmycHieiF', -5869, '2014-10-20', '2016-08-16 19:08:46'),
(428, 'dgYGrkJj', 1569, '2016-01-04', '2016-08-16 19:08:46'),
(429, 'QmbdtF5', 802, '2014-05-04', '2016-08-16 19:08:46'),
(430, 'czkstBlW0', 4017, '2014-09-29', '2016-08-16 19:08:46'),
(431, 'azEdDEYO7', -1493, '2015-11-04', '2016-08-16 19:08:46'),
(432, 'MEY7sl2', -5213, '2016-06-06', '2016-08-16 19:08:46'),
(433, '7zTehznn', 1368, '2014-12-15', '2016-08-16 19:08:46'),
(434, '8qpG9Fd', 1487, '2016-07-22', '2016-08-16 19:08:46'),
(435, 'Z6yuf', 5632, '2015-05-12', '2016-08-16 19:08:46'),
(436, 'qOiX4WvM', 1427, '2016-08-06', '2016-08-16 19:08:46'),
(437, 'RHwRQ6', -4210, '2015-04-04', '2016-08-16 19:08:46'),
(438, 'U3nQltGB', 105, '2015-02-15', '2016-08-16 19:08:46'),
(439, 'EYppBoa5', -990, '2016-11-28', '2016-08-16 19:08:46'),
(440, 'EiuwUn8', 5926, '2014-10-12', '2016-08-16 19:08:46'),
(441, '31s0mg3Jj', -847, '2015-02-16', '2016-08-16 19:08:46'),
(442, 'KlrmLp3P', -1684, '2014-03-11', '2016-08-16 19:08:46'),
(443, 'jgHEji', 3703, '2014-03-18', '2016-08-16 19:08:46'),
(444, 'nbwODeaphD', 1375, '2014-08-23', '2016-08-16 19:08:46'),
(445, 'J6qk9eZ', -5709, '2015-01-24', '2016-08-16 19:08:46'),
(446, 'YZHW4y1', 1249, '2016-08-10', '2016-08-16 19:08:46'),
(447, 'AGjFHatv0J', 5406, '2015-01-19', '2016-08-16 19:08:46'),
(448, 'E4sFo', 210, '2015-02-03', '2016-08-16 19:08:46'),
(449, 'CdyIlmq9', 5550, '2015-02-02', '2016-08-16 19:08:46'),
(450, 'zxEeQf', -959, '2015-08-14', '2016-08-16 19:08:46'),
(451, 'bpgq1T1ny', 3677, '2016-07-06', '2016-08-16 19:08:46'),
(452, 'R47Nox4', -5393, '2015-03-17', '2016-08-16 19:08:46'),
(453, '17qjx', 5222, '2015-09-19', '2016-08-16 19:08:46'),
(454, 'l3RAmL66z', 5932, '2016-07-01', '2016-08-16 19:08:46'),
(455, '40PTf5QK', 2004, '2014-05-05', '2016-08-16 19:08:46'),
(456, 'qe0CoyAAa', -5311, '2014-11-16', '2016-08-16 19:08:46'),
(457, 'Sn43LDR', -264, '2014-09-12', '2016-08-16 19:08:46'),
(458, 'MbDh4ViAR7', -774, '2014-11-26', '2016-08-16 19:08:46'),
(459, 'CN90h', -4499, '2015-06-06', '2016-08-16 19:08:46'),
(460, '36ZIr0', 5735, '2015-02-24', '2016-08-16 19:08:46'),
(461, '1WxN6tQz', 3356, '2014-08-15', '2016-08-16 19:08:46'),
(462, 'u0XKoyuemH', -1413, '2016-06-02', '2016-08-16 19:08:46'),
(463, 'WRFCkOaTII', 1734, '2016-11-17', '2016-08-16 19:08:46'),
(464, 'mkHouK', -3406, '2015-06-01', '2016-08-16 19:08:46'),
(465, 'GE29rB40', -3186, '2015-01-17', '2016-08-16 19:08:46'),
(466, 'RHPO6', -324, '2015-01-18', '2016-08-16 19:08:46'),
(467, 'MaV8Uy', -907, '2014-04-17', '2016-08-16 19:08:46'),
(468, 'KjIdB1bs5', -3470, '2014-08-02', '2016-08-16 19:08:46'),
(469, 'lGSlKCnKi', -3414, '2015-09-03', '2016-08-16 19:08:46'),
(470, 'gwLNQlmIu', 5122, '2016-06-04', '2016-08-16 19:08:46'),
(471, 'hqNHg8FkA', 619, '2015-03-17', '2016-08-16 19:08:46'),
(472, '0V2RGkR', 2291, '2016-07-26', '2016-08-16 19:08:46'),
(473, 'LHcNl', -4806, '2014-04-12', '2016-08-16 19:08:46'),
(474, 'ysPaNmU', -2537, '2015-01-29', '2016-08-16 19:08:46'),
(475, 'lTu0ls', -3951, '2016-06-16', '2016-08-16 19:08:46'),
(476, 'lhhxmTt', -1137, '2014-10-11', '2016-08-16 19:08:46'),
(477, 'Tn3fSXl', -1253, '2014-03-21', '2016-08-16 19:08:46'),
(478, 'yc5oIztq', 4430, '2015-01-25', '2016-08-16 19:08:46'),
(479, 'LPgxgKg', 19, '2016-08-04', '2016-08-16 19:08:46'),
(480, 'A9Ev5zd', 5898, '2015-08-30', '2016-08-16 19:08:46'),
(481, 'ItOgyS', -5513, '2015-08-31', '2016-08-16 19:08:46'),
(482, 'UGHyYG21', 2022, '2015-01-02', '2016-08-16 19:08:46'),
(483, 'we8i2ZX', 2018, '2015-10-09', '2016-08-16 19:08:46'),
(484, 'KYmnC879', -235, '2014-05-19', '2016-08-16 19:08:46'),
(485, 'muSZmhg', -2074, '2015-03-11', '2016-08-16 19:08:46'),
(486, 'gjX95', 2745, '2016-06-15', '2016-08-16 19:08:46'),
(487, '8C66g', 1769, '2016-04-30', '2016-08-16 19:08:46'),
(488, 'xjXKMEX', 118, '2014-03-18', '2016-08-16 19:08:46'),
(489, 'p17qIfH', -2775, '2014-02-15', '2016-08-16 19:08:46'),
(490, 'WsfbNEEXBw', 5081, '2016-02-22', '2016-08-16 19:08:46'),
(491, '4ras6p79', -5065, '2016-01-13', '2016-08-16 19:08:46'),
(492, 'yygJFc76', -2954, '2014-02-17', '2016-08-16 19:08:46'),
(493, '6LofxY0B', 1061, '2015-08-25', '2016-08-16 19:08:46'),
(494, '46Apnham', 1851, '2014-03-10', '2016-08-16 19:08:46'),
(495, 'oABt0m3thi', -5507, '2016-04-10', '2016-08-16 19:08:46'),
(496, 'WG4rRvQ', -5365, '2014-04-19', '2016-08-16 19:08:46'),
(497, 'UlINt4M8', -3532, '2014-05-21', '2016-08-16 19:08:46'),
(498, 'xdUuZ', 452, '2015-01-13', '2016-08-16 19:08:46'),
(499, 'FwhX4yO07', -5486, '2015-06-17', '2016-08-16 19:08:46'),
(500, '6R2NyB5va1', -3936, '2014-01-21', '2016-08-16 19:08:46'),
(536, '02', 500, '2016-03-06', '2016-08-20 15:40:03'),
(537, '03', 500, '2016-03-07', '2016-08-20 15:40:09');

-- --------------------------------------------------------

--
-- Tábla szerkezet ehhez a táblához `sum_tag_connection`
--

CREATE TABLE `sum_tag_connection` (
  `id` bigint(20) NOT NULL,
  `sum_id` bigint(20) NOT NULL,
  `tag_id` bigint(20) NOT NULL,
  `created` timestamp NOT NULL DEFAULT CURRENT_TIMESTAMP
) ENGINE=InnoDB DEFAULT CHARSET=utf8;

--
-- A tábla adatainak kiíratása `sum_tag_connection`
--

INSERT INTO `sum_tag_connection` (`id`, `sum_id`, `tag_id`, `created`) VALUES
(1, 169, 1, '2016-08-16 19:08:46'),
(2, 236, 2, '2016-08-16 19:08:46'),
(3, 418, 2, '2016-08-16 19:08:46'),
(4, 215, 5, '2016-08-16 19:08:46'),
(5, 471, 6, '2016-08-16 19:08:46'),
(6, 107, 6, '2016-08-16 19:08:46'),
(7, 3, 6, '2016-08-16 19:08:46'),
(8, 135, 8, '2016-08-16 19:08:46'),
(9, 144, 8, '2016-08-16 19:08:46'),
(10, 11, 8, '2016-08-16 19:08:46'),
(11, 221, 9, '2016-08-16 19:08:46'),
(12, 475, 9, '2016-08-16 19:08:46'),
(13, 231, 9, '2016-08-16 19:08:46'),
(14, 437, 9, '2016-08-16 19:08:46'),
(15, 469, 9, '2016-08-16 19:08:46'),
(16, 496, 9, '2016-08-16 19:08:46'),
(17, 360, 9, '2016-08-16 19:08:46'),
(18, 448, 9, '2016-08-16 19:08:46'),
(19, 441, 10, '2016-08-16 19:08:46'),
(20, 280, 11, '2016-08-16 19:08:46'),
(22, 78, 11, '2016-08-16 19:08:46'),
(23, 427, 12, '2016-08-16 19:08:46'),
(24, 286, 12, '2016-08-16 19:08:46'),
(25, 13, 12, '2016-08-16 19:08:46'),
(26, 246, 12, '2016-08-16 19:08:46'),
(27, 47, 12, '2016-08-16 19:08:46'),
(28, 340, 16, '2016-08-16 19:08:46'),
(29, 287, 16, '2016-08-16 19:08:46'),
(30, 369, 16, '2016-08-16 19:08:46'),
(31, 44, 17, '2016-08-16 19:08:46'),
(32, 115, 17, '2016-08-16 19:08:46'),
(33, 93, 17, '2016-08-16 19:08:46'),
(34, 179, 17, '2016-08-16 19:08:46'),
(35, 343, 18, '2016-08-16 19:08:46'),
(36, 356, 18, '2016-08-16 19:08:46'),
(37, 483, 18, '2016-08-16 19:08:46'),
(38, 389, 19, '2016-08-16 19:08:46'),
(39, 308, 21, '2016-08-16 19:08:46'),
(40, 196, 24, '2016-08-16 19:08:46'),
(41, 404, 24, '2016-08-16 19:08:46'),
(42, 190, 24, '2016-08-16 19:08:46'),
(43, 424, 24, '2016-08-16 19:08:46'),
(44, 280, 24, '2016-08-16 19:08:46'),
(45, 97, 24, '2016-08-16 19:08:46'),
(46, 263, 24, '2016-08-16 19:08:46'),
(47, 380, 26, '2016-08-16 19:08:46'),
(48, 214, 26, '2016-08-16 19:08:46'),
(49, 274, 26, '2016-08-16 19:08:46'),
(50, 76, 26, '2016-08-16 19:08:46'),
(51, 55, 26, '2016-08-16 19:08:46'),
(52, 135, 27, '2016-08-16 19:08:46'),
(53, 159, 27, '2016-08-16 19:08:46'),
(54, 492, 27, '2016-08-16 19:08:46'),
(55, 77, 27, '2016-08-16 19:08:46'),
(56, 466, 27, '2016-08-16 19:08:46'),
(57, 385, 28, '2016-08-16 19:08:46'),
(58, 145, 31, '2016-08-16 19:08:46'),
(59, 226, 32, '2016-08-16 19:08:46'),
(60, 298, 32, '2016-08-16 19:08:46'),
(61, 53, 32, '2016-08-16 19:08:46'),
(62, 434, 32, '2016-08-16 19:08:46'),
(63, 332, 33, '2016-08-16 19:08:46'),
(64, 70, 33, '2016-08-16 19:08:46'),
(65, 233, 33, '2016-08-16 19:08:46'),
(66, 349, 33, '2016-08-16 19:08:46'),
(67, 495, 33, '2016-08-16 19:08:46'),
(68, 88, 35, '2016-08-16 19:08:46'),
(69, 285, 36, '2016-08-16 19:08:46'),
(70, 384, 37, '2016-08-16 19:08:46'),
(71, 258, 37, '2016-08-16 19:08:46'),
(72, 300, 37, '2016-08-16 19:08:46'),
(73, 329, 37, '2016-08-16 19:08:46'),
(74, 220, 38, '2016-08-16 19:08:46'),
(75, 492, 38, '2016-08-16 19:08:46'),
(76, 442, 38, '2016-08-16 19:08:46'),
(77, 133, 39, '2016-08-16 19:08:46'),
(78, 445, 39, '2016-08-16 19:08:46'),
(79, 236, 42, '2016-08-16 19:08:46'),
(80, 62, 42, '2016-08-16 19:08:46'),
(81, 89, 44, '2016-08-16 19:08:46'),
(82, 404, 45, '2016-08-16 19:08:46'),
(83, 79, 45, '2016-08-16 19:08:46'),
(84, 126, 46, '2016-08-16 19:08:46'),
(85, 157, 46, '2016-08-16 19:08:46'),
(86, 440, 47, '2016-08-16 19:08:46'),
(87, 182, 47, '2016-08-16 19:08:46'),
(88, 405, 47, '2016-08-16 19:08:46'),
(89, 31, 47, '2016-08-16 19:08:46'),
(90, 110, 48, '2016-08-16 19:08:46'),
(91, 17, 48, '2016-08-16 19:08:46'),
(92, 42, 49, '2016-08-16 19:08:46'),
(93, 212, 49, '2016-08-16 19:08:46'),
(94, 27, 50, '2016-08-16 19:08:46'),
(95, 188, 51, '2016-08-16 19:08:46'),
(96, 251, 51, '2016-08-16 19:08:46'),
(97, 69, 53, '2016-08-16 19:08:46'),
(98, 392, 53, '2016-08-16 19:08:46'),
(99, 41, 55, '2016-08-16 19:08:46'),
(100, 491, 56, '2016-08-16 19:08:46'),
(101, 355, 56, '2016-08-16 19:08:46'),
(102, 222, 56, '2016-08-16 19:08:46'),
(103, 387, 57, '2016-08-16 19:08:46'),
(104, 431, 57, '2016-08-16 19:08:46'),
(105, 141, 57, '2016-08-16 19:08:46'),
(106, 413, 58, '2016-08-16 19:08:46'),
(107, 493, 58, '2016-08-16 19:08:46'),
(108, 346, 58, '2016-08-16 19:08:46'),
(109, 156, 58, '2016-08-16 19:08:46'),
(110, 406, 58, '2016-08-16 19:08:46'),
(111, 21, 62, '2016-08-16 19:08:46'),
(112, 35, 62, '2016-08-16 19:08:46'),
(113, 216, 62, '2016-08-16 19:08:46'),
(114, 72, 63, '2016-08-16 19:08:46'),
(115, 248, 63, '2016-08-16 19:08:46'),
(116, 101, 63, '2016-08-16 19:08:46'),
(117, 363, 63, '2016-08-16 19:08:46'),
(118, 438, 63, '2016-08-16 19:08:46'),
(119, 179, 64, '2016-08-16 19:08:46'),
(120, 241, 64, '2016-08-16 19:08:46'),
(121, 296, 64, '2016-08-16 19:08:46'),
(122, 482, 64, '2016-08-16 19:08:46'),
(123, 78, 65, '2016-08-16 19:08:46'),
(124, 204, 65, '2016-08-16 19:08:46'),
(125, 154, 65, '2016-08-16 19:08:46'),
(127, 462, 65, '2016-08-16 19:08:46'),
(128, 382, 65, '2016-08-16 19:08:46'),
(129, 490, 65, '2016-08-16 19:08:46'),
(130, 340, 65, '2016-08-16 19:08:46'),
(131, 352, 66, '2016-08-16 19:08:46'),
(132, 406, 66, '2016-08-16 19:08:46'),
(133, 466, 66, '2016-08-16 19:08:46'),
(134, 490, 66, '2016-08-16 19:08:46'),
(135, 230, 67, '2016-08-16 19:08:46'),
(136, 382, 67, '2016-08-16 19:08:46'),
(137, 149, 67, '2016-08-16 19:08:46'),
(138, 158, 67, '2016-08-16 19:08:46'),
(139, 152, 67, '2016-08-16 19:08:46'),
(140, 354, 67, '2016-08-16 19:08:46'),
(141, 349, 67, '2016-08-16 19:08:46'),
(142, 455, 67, '2016-08-16 19:08:46'),
(143, 495, 68, '2016-08-16 19:08:46'),
(144, 242, 68, '2016-08-16 19:08:46'),
(145, 201, 68, '2016-08-16 19:08:46'),
(146, 362, 68, '2016-08-16 19:08:46'),
(147, 201, 68, '2016-08-16 19:08:46'),
(148, 151, 72, '2016-08-16 19:08:46'),
(149, 259, 72, '2016-08-16 19:08:46'),
(150, 458, 72, '2016-08-16 19:08:46'),
(151, 475, 75, '2016-08-16 19:08:46'),
(152, 476, 75, '2016-08-16 19:08:46'),
(153, 388, 76, '2016-08-16 19:08:46'),
(154, 375, 76, '2016-08-16 19:08:46'),
(155, 359, 76, '2016-08-16 19:08:46'),
(156, 488, 76, '2016-08-16 19:08:46'),
(157, 143, 76, '2016-08-16 19:08:46'),
(158, 312, 76, '2016-08-16 19:08:46'),
(159, 151, 77, '2016-08-16 19:08:46'),
(160, 410, 77, '2016-08-16 19:08:46'),
(161, 130, 77, '2016-08-16 19:08:46'),
(162, 495, 77, '2016-08-16 19:08:46'),
(163, 487, 77, '2016-08-16 19:08:46'),
(164, 86, 78, '2016-08-16 19:08:46'),
(165, 104, 78, '2016-08-16 19:08:46'),
(166, 195, 78, '2016-08-16 19:08:46'),
(167, 326, 78, '2016-08-16 19:08:46'),
(168, 11, 78, '2016-08-16 19:08:46'),
(169, 184, 78, '2016-08-16 19:08:46'),
(170, 79, 78, '2016-08-16 19:08:46'),
(171, 100, 78, '2016-08-16 19:08:46'),
(172, 63, 79, '2016-08-16 19:08:46'),
(173, 453, 81, '2016-08-16 19:08:46'),
(174, 198, 81, '2016-08-16 19:08:46'),
(175, 277, 81, '2016-08-16 19:08:46'),
(176, 376, 81, '2016-08-16 19:08:46'),
(177, 478, 81, '2016-08-16 19:08:46'),
(178, 246, 84, '2016-08-16 19:08:46'),
(179, 499, 84, '2016-08-16 19:08:46'),
(180, 326, 84, '2016-08-16 19:08:46'),
(181, 296, 84, '2016-08-16 19:08:46'),
(182, 86, 84, '2016-08-16 19:08:46'),
(184, 385, 85, '2016-08-16 19:08:46'),
(186, 2, 85, '2016-08-16 19:08:46'),
(187, 8, 85, '2016-08-16 19:08:46'),
(188, 242, 85, '2016-08-16 19:08:46'),
(189, 319, 85, '2016-08-16 19:08:46'),
(190, 340, 85, '2016-08-16 19:08:46'),
(191, 263, 85, '2016-08-16 19:08:46'),
(192, 226, 86, '2016-08-16 19:08:46'),
(193, 274, 86, '2016-08-16 19:08:46'),
(194, 195, 86, '2016-08-16 19:08:46'),
(195, 233, 87, '2016-08-16 19:08:46'),
(196, 87, 87, '2016-08-16 19:08:46'),
(197, 451, 87, '2016-08-16 19:08:46'),
(198, 294, 87, '2016-08-16 19:08:46'),
(199, 127, 87, '2016-08-16 19:08:46'),
(200, 386, 87, '2016-08-16 19:08:46'),
(201, 59, 88, '2016-08-16 19:08:46'),
(202, 272, 88, '2016-08-16 19:08:46'),
(203, 70, 88, '2016-08-16 19:08:46'),
(204, 138, 88, '2016-08-16 19:08:46'),
(205, 274, 89, '2016-08-16 19:08:46'),
(206, 203, 90, '2016-08-16 19:08:46'),
(207, 328, 90, '2016-08-16 19:08:46'),
(208, 49, 90, '2016-08-16 19:08:46'),
(209, 24, 91, '2016-08-16 19:08:46'),
(210, 18, 91, '2016-08-16 19:08:46'),
(211, 45, 91, '2016-08-16 19:08:46'),
(212, 11, 91, '2016-08-16 19:08:46'),
(213, 366, 91, '2016-08-16 19:08:46'),
(214, 484, 91, '2016-08-16 19:08:46'),
(215, 492, 94, '2016-08-16 19:08:46'),
(216, 269, 95, '2016-08-16 19:08:46'),
(217, 405, 95, '2016-08-16 19:08:46'),
(218, 403, 95, '2016-08-16 19:08:46'),
(219, 293, 95, '2016-08-16 19:08:46'),
(220, 151, 95, '2016-08-16 19:08:46'),
(221, 163, 97, '2016-08-16 19:08:46'),
(222, 187, 98, '2016-08-16 19:08:46'),
(223, 189, 98, '2016-08-16 19:08:46'),
(224, 13, 98, '2016-08-16 19:08:46'),
(225, 24, 98, '2016-08-16 19:08:46'),
(226, 299, 99, '2016-08-16 19:08:46'),
(228, 161, 99, '2016-08-16 19:08:46'),
(229, 269, 99, '2016-08-16 19:08:46'),
(230, 143, 99, '2016-08-16 19:08:46'),
(234, 357, 5, '2016-08-20 07:12:46'),
(239, 218, 85, '2016-08-20 15:17:10'),
(255, 536, 9, '2016-08-20 15:40:21'),
(256, 536, 23, '2016-08-20 15:40:21'),
(258, 537, 53, '2016-08-20 17:14:23');

-- --------------------------------------------------------

--
-- Tábla szerkezet ehhez a táblához `tags`
--

CREATE TABLE `tags` (
  `id` bigint(20) NOT NULL,
  `title` varchar(255) NOT NULL,
  `description` varchar(500) DEFAULT NULL,
  `icon_url` varchar(255) DEFAULT NULL,
  `is_inquickbar` tinyint(1) DEFAULT '0',
  `created` timestamp NOT NULL DEFAULT CURRENT_TIMESTAMP
) ENGINE=InnoDB DEFAULT CHARSET=utf8;

--
-- A tábla adatainak kiíratása `tags`
--

INSERT INTO `tags` (`id`, `title`, `description`, `icon_url`, `is_inquickbar`, `created`) VALUES
(1, '2j6VL', 'g3qXsWDf33s', NULL, 0, '2016-08-16 19:08:46'),
(2, 'OkhT2', 'QbGNvtY2dn', NULL, 0, '2016-08-16 19:08:46'),
(3, 'dPln', '5nvzjDZDClD3zeNkhvkplSAL', NULL, 0, '2016-08-16 19:08:46'),
(4, 'nmpk4', '5lvHtl1RHxs8kEb1tU0s', NULL, 0, '2016-08-16 19:08:46'),
(5, 'iV8', 'Tolb8jsbRG', NULL, 0, '2016-08-16 19:08:46'),
(6, 'aBF6tWV', '1b3nr2oXMHMhGVzPcU', NULL, 0, '2016-08-16 19:08:46'),
(7, 'fWY73', 'XlubxVS', NULL, 0, '2016-08-16 19:08:46'),
(8, '533nxoc', 'vIieHnMdlcERa', NULL, 0, '2016-08-16 19:08:46'),
(9, 'IFdkHH', '1AsOYcUTTUvO2xe', NULL, 0, '2016-08-16 19:08:46'),
(10, '9BGj', 'oWYO6LAf', NULL, 0, '2016-08-16 19:08:46'),
(11, 'C030Q6', 'xR8s7CIB5BVwiLmV6A61k1L', NULL, 0, '2016-08-16 19:08:46'),
(12, 'evhFkS', 'UIouyCU09KLWPlMe96knffek', NULL, 0, '2016-08-16 19:08:46'),
(13, 'xAT7', 'sNaUwCkVwH4qE', NULL, 0, '2016-08-16 19:08:46'),
(14, '2DzJ', 'Hx4ry9SUqg7R2cgnAOh3OsD', NULL, 0, '2016-08-16 19:08:46'),
(15, 'XjLEFLu', 'rXLiBnE90Y', NULL, 0, '2016-08-16 19:08:46'),
(16, 'Zedwo', 'zZA5V5n7S', NULL, 0, '2016-08-16 19:08:46'),
(17, 'TpLMK', 'I4O95qlmP', NULL, 0, '2016-08-16 19:08:46'),
(18, 'ZtVP', 'nxnB1gdBlJ1GO', NULL, 0, '2016-08-16 19:08:46'),
(19, 'U1mldW', '8HWmUYKa98y', NULL, 0, '2016-08-16 19:08:46'),
(20, 'ApY', 'oSlKdFYNUMrsOFRWLi', NULL, 0, '2016-08-16 19:08:46'),
(21, '69oLHcc', 'STj1tcm', NULL, 0, '2016-08-16 19:08:46'),
(22, 'sP52Q', '5nOwz05q20RjrZSxe2kVp', NULL, 0, '2016-08-16 19:08:46'),
(23, 'QqdZ8g1', '7mhzFIz47', NULL, 0, '2016-08-16 19:08:46'),
(24, 'Piy', 'zzs7wLvvo', NULL, 0, '2016-08-16 19:08:46'),
(25, 'bqnFFxH', 'YzAAXsDGY', NULL, 0, '2016-08-16 19:08:46'),
(26, 'FRf6gWz', 'G5EQECW7oop', NULL, 0, '2016-08-16 19:08:46'),
(27, 'SPh', 'd9pue4l', NULL, 0, '2016-08-16 19:08:46'),
(28, 'oDkv02T', 'sbR5JGVggDjZ4CKCzJ', NULL, 0, '2016-08-16 19:08:46'),
(29, '8s7e1', 'AiOuESLghxyuWpr1A46cHB', NULL, 0, '2016-08-16 19:08:46'),
(30, 'gCdmIcz', '3VCKJVxOIM45tzrpZ', NULL, 0, '2016-08-16 19:08:46'),
(31, '8IQ0', 'C1aEcx1C', NULL, 0, '2016-08-16 19:08:46'),
(32, 'FmcJ', 'nt3S5jb', NULL, 0, '2016-08-16 19:08:46'),
(33, 'Zixfk4B', 'PnuaJ2bmJoaZ3', NULL, 0, '2016-08-16 19:08:46'),
(34, 'lLkvUG', 'fKbl8HfI', NULL, 0, '2016-08-16 19:08:46'),
(35, 'kgG', 'qBicZPU3YxgKSNz7DeyvKU', NULL, 0, '2016-08-16 19:08:46'),
(36, 'TdnVb', 'kW1EuzDNQrIxQDvHtJID', NULL, 0, '2016-08-16 19:08:46'),
(37, 'YyM', 'hWy06DDsSHeUAK3GHQkE', NULL, 0, '2016-08-16 19:08:46'),
(38, 'xx4', 'OEKH7E8cHocpf', NULL, 0, '2016-08-16 19:08:46'),
(39, '0IPv9d', 'bLJ7VFg9tdg42gGrk81pzGe', NULL, 0, '2016-08-16 19:08:46'),
(40, 'HD6H', 'hhV3FYI9gjfu3', NULL, 0, '2016-08-16 19:08:46'),
(41, 'qvK0', 'zw9TIkWDWI5kGNNPWaOt9', NULL, 0, '2016-08-16 19:08:46'),
(42, '6iE6', 'QsjeMUHT', NULL, 0, '2016-08-16 19:08:46'),
(43, 'lFYHyY', 'KNaUVj5p', NULL, 0, '2016-08-16 19:08:46'),
(44, '74xv3RG', 'hejSBa3uo', NULL, 0, '2016-08-16 19:08:46'),
(45, '6HFex', '9spmowa0zgOO', NULL, 0, '2016-08-16 19:08:46'),
(46, '6MvubD', 'n01oF22ScghQj9QvQEk', NULL, 0, '2016-08-16 19:08:46'),
(47, 'USo', '5E3EMI0uqatj0zas03jNmcDEz', NULL, 0, '2016-08-16 19:08:46'),
(48, 'iqNu', 'GEWNDfm0JE08XtyxLNf', NULL, 0, '2016-08-16 19:08:46'),
(49, 'PqjWe', 'eOwhE7hrUkCyPp6lMPQ1Bzr', NULL, 0, '2016-08-16 19:08:46'),
(50, 'l44bPL', 'TuHocNX0VK71pMhG', NULL, 0, '2016-08-16 19:08:46'),
(51, 'BuvitC', 'buHoAvJudQ9', NULL, 0, '2016-08-16 19:08:46'),
(52, 'qB5dP', '2XWMp2C', NULL, 0, '2016-08-16 19:08:46'),
(53, 'absoyuQ', 'VSnKuc2gZNihCv6o6FW', NULL, 0, '2016-08-16 19:08:46'),
(54, 'f5K', 'RPcvitdyp0ohyR', NULL, 0, '2016-08-16 19:08:46'),
(55, 'y277LZl', '1G6LGBv7AH', NULL, 0, '2016-08-16 19:08:46'),
(56, '3uZPU', 'GjL3YPd0eTmxisN', NULL, 0, '2016-08-16 19:08:46'),
(57, 'hejgj', 'xNvbC45MwHM5GLNW6SQHe7bc3', NULL, 0, '2016-08-16 19:08:46'),
(58, '3q3', 'KZX4ypjlxUXCkdgnZw3y7y', NULL, 0, '2016-08-16 19:08:46'),
(59, 'vuMVTT', 'Um19rcneJiUxvX6aZ4VH', NULL, 0, '2016-08-16 19:08:46'),
(60, 'PfqqNoj', 'idM7ilywgQPU9klCsSiw85r', NULL, 0, '2016-08-16 19:08:46'),
(61, '3XJYmA', 'A7xgrVxd1QN', NULL, 0, '2016-08-16 19:08:46'),
(62, 'u2EG', 'umdQRjlemo2IIWKoaMsRohEdD', NULL, 0, '2016-08-16 19:08:46'),
(63, 'ybZ94', 'NDsXsJ2M3FGmb8I9XmZ8X4QL', NULL, 0, '2016-08-16 19:08:46'),
(64, 'yCvH52', '8TJwx5X6Sfo0Cui6JnmHG2PFr', NULL, 0, '2016-08-16 19:08:46'),
(65, 'INzq', 'uUBxk4ZqjDiASIJQ0T', NULL, 0, '2016-08-16 19:08:46'),
(66, 'W2y8L', '5PWMvoq7xaGp', NULL, 0, '2016-08-16 19:08:46'),
(67, 'lnDJpn', 'd6hKsTcakJIW96WhLYqVxOj4i', NULL, 0, '2016-08-16 19:08:46'),
(68, 'cuoP1U', '0Uezj2iHk', NULL, 0, '2016-08-16 19:08:46'),
(69, '6iX', 'ldy7Eq9X', NULL, 0, '2016-08-16 19:08:46'),
(70, 'cGSE', 'SJQ5DxImz1BYKnlTMmjA', NULL, 0, '2016-08-16 19:08:46'),
(71, 'k2h', 'JIqBoyNbC4ttic5b', NULL, 0, '2016-08-16 19:08:46'),
(72, 'GxMHT', 'MvNwBOY6y5x', NULL, 0, '2016-08-16 19:08:46'),
(73, 'ifUXee', 'Zzznn0DibMes3AKl2FZU', NULL, 0, '2016-08-16 19:08:46'),
(74, 'jDhYzu', '96VGtKVeEQX', NULL, 0, '2016-08-16 19:08:46'),
(75, 'gZuWjtU', 'QpNNeff', NULL, 0, '2016-08-16 19:08:46'),
(76, 'ZJfi', 'saru7TEnjbfu9', NULL, 0, '2016-08-16 19:08:46'),
(77, 'WaUdF3y', 'UELqEwhzmMjH10z', NULL, 0, '2016-08-16 19:08:46'),
(78, 'wQ2OL', 'ywzN5gf7Lh', NULL, 0, '2016-08-16 19:08:46'),
(79, 'oXumP95', '28kK8737IRCoQxRx9T71I7', NULL, 0, '2016-08-16 19:08:46'),
(80, 'AotEYIm', 'LgSQMZDjonGtrnF3ftEhFCe', NULL, 0, '2016-08-16 19:08:46'),
(81, 'jv1', 'u3tzE0rTJVD', NULL, 0, '2016-08-16 19:08:46'),
(82, 'tiHC', '6UgT88XLUvUolAP5WuYJFO1D', NULL, 0, '2016-08-16 19:08:46'),
(83, 'dERyg7', 'GoUFAjk2mffQDU0ysxq8r', NULL, 0, '2016-08-16 19:08:46'),
(84, '3HZchNM', 'iPoi3pxh2Csuc2Rh1NYv', NULL, 0, '2016-08-16 19:08:46'),
(85, 'g4kB', 'AVey6rQHWnvhYFQ2vOW', NULL, 0, '2016-08-16 19:08:46'),
(86, 'y0o', 'BBsNLBsTv7A6PJzLaxDJv7ulj', NULL, 0, '2016-08-16 19:08:46'),
(87, '4w0IKK', '5FR9KsARcb8CpreMOl5', NULL, 0, '2016-08-16 19:08:46'),
(88, 'B1zyz', 'k7dvTa9QBcsGiaKK', NULL, 0, '2016-08-16 19:08:46'),
(89, 'U3ne2fb', 'CLxPdjNsX9MMqXRfHXSQoT92', NULL, 0, '2016-08-16 19:08:46'),
(90, 'TSozoS', 'lFGmAPuEgs1MQFwAj', NULL, 0, '2016-08-16 19:08:46'),
(91, '7oZ6', 'SWKuUiA4HTDSZ3k0X', NULL, 0, '2016-08-16 19:08:46'),
(92, '4LI0G', 'CtHNvSF', NULL, 0, '2016-08-16 19:08:46'),
(93, 'GIg7Rq', '2STVjHI3jOYvRag0ieGLuZQv', NULL, 0, '2016-08-16 19:08:46'),
(94, 'OsWWbkp', '4kZK4b2Yf8nbdRmR3', NULL, 0, '2016-08-16 19:08:46'),
(95, '5a0h', '9TkCa8DB2GNc80TD', NULL, 0, '2016-08-16 19:08:46'),
(96, 'WY7sJ', 'QNizzLtuT6BVV0xRecCK', NULL, 0, '2016-08-16 19:08:46'),
(97, 'HAAR6Pk', 'GrIPNTSNganR', NULL, 0, '2016-08-16 19:08:46'),
(98, 'bvjG', '0qobcg4DyUX11ZLF5yHrIe', NULL, 0, '2016-08-16 19:08:46'),
(99, '8iJ3', 'i9y9SwJuCyVaCtZ9s0gU', NULL, 0, '2016-08-16 19:08:46'),
(100, 'I6P', 'dXOPDey638Vr4pfkMfm', NULL, 0, '2016-08-16 19:08:46');

-- --------------------------------------------------------

--
-- Tábla szerkezet ehhez a táblához `units`
--

CREATE TABLE `units` (
  `id` bigint(20) NOT NULL,
  `title` varchar(100) NOT NULL
) ENGINE=InnoDB DEFAULT CHARSET=utf8;

--
-- A tábla adatainak kiíratása `units`
--

INSERT INTO `units` (`id`, `title`) VALUES
(1, 'month'),
(2, 'year');

-- --------------------------------------------------------

--
-- Tábla szerkezet ehhez a táblához `users`
--

CREATE TABLE `users` (
  `id` bigint(20) NOT NULL,
  `username` varchar(255) NOT NULL,
  `password` varchar(255) NOT NULL,
  `email` varchar(255) NOT NULL
) ENGINE=InnoDB DEFAULT CHARSET=utf8;

--
-- A tábla adatainak kiíratása `users`
--

INSERT INTO `users` (`id`, `username`, `password`, `email`) VALUES
(1, 'admin', 'admin', 'admin@mail.hu');

--
-- Indexek a kiírt táblákhoz
--

--
-- A tábla indexei `options`
--
ALTER TABLE `options`
  ADD PRIMARY KEY (`id`),
  ADD KEY `user_id` (`user_id`),
  ADD KEY `unit_id` (`unit_id`);

--
-- A tábla indexei `sums`
--
ALTER TABLE `sums`
  ADD PRIMARY KEY (`id`);

--
-- A tábla indexei `sum_tag_connection`
--
ALTER TABLE `sum_tag_connection`
  ADD PRIMARY KEY (`id`),
  ADD KEY `sum_id` (`sum_id`),
  ADD KEY `tag_id` (`tag_id`);

--
-- A tábla indexei `tags`
--
ALTER TABLE `tags`
  ADD PRIMARY KEY (`id`);

--
-- A tábla indexei `units`
--
ALTER TABLE `units`
  ADD PRIMARY KEY (`id`);

--
-- A tábla indexei `users`
--
ALTER TABLE `users`
  ADD PRIMARY KEY (`id`);

--
-- A kiírt táblák AUTO_INCREMENT értéke
--

--
-- AUTO_INCREMENT a táblához `options`
--
ALTER TABLE `options`
  MODIFY `id` bigint(20) NOT NULL AUTO_INCREMENT, AUTO_INCREMENT=3;
--
-- AUTO_INCREMENT a táblához `sums`
--
ALTER TABLE `sums`
  MODIFY `id` bigint(20) NOT NULL AUTO_INCREMENT, AUTO_INCREMENT=538;
--
-- AUTO_INCREMENT a táblához `sum_tag_connection`
--
ALTER TABLE `sum_tag_connection`
  MODIFY `id` bigint(20) NOT NULL AUTO_INCREMENT, AUTO_INCREMENT=259;
--
-- AUTO_INCREMENT a táblához `tags`
--
ALTER TABLE `tags`
  MODIFY `id` bigint(20) NOT NULL AUTO_INCREMENT, AUTO_INCREMENT=101;
--
-- AUTO_INCREMENT a táblához `units`
--
ALTER TABLE `units`
  MODIFY `id` bigint(20) NOT NULL AUTO_INCREMENT, AUTO_INCREMENT=3;
--
-- AUTO_INCREMENT a táblához `users`
--
ALTER TABLE `users`
  MODIFY `id` bigint(20) NOT NULL AUTO_INCREMENT, AUTO_INCREMENT=2;
--
-- Megkötések a kiírt táblákhoz
--

--
-- Megkötések a táblához `options`
--
ALTER TABLE `options`
  ADD CONSTRAINT `options_ibfk_1` FOREIGN KEY (`user_id`) REFERENCES `users` (`id`) ON DELETE CASCADE,
  ADD CONSTRAINT `options_ibfk_2` FOREIGN KEY (`unit_id`) REFERENCES `units` (`id`);

--
-- Megkötések a táblához `sum_tag_connection`
--
ALTER TABLE `sum_tag_connection`
  ADD CONSTRAINT `sum_tag_connection_ibfk_1` FOREIGN KEY (`sum_id`) REFERENCES `sums` (`id`) ON DELETE CASCADE,
  ADD CONSTRAINT `sum_tag_connection_ibfk_2` FOREIGN KEY (`tag_id`) REFERENCES `tags` (`id`) ON DELETE CASCADE;

/*!40101 SET CHARACTER_SET_CLIENT=@OLD_CHARACTER_SET_CLIENT */;
/*!40101 SET CHARACTER_SET_RESULTS=@OLD_CHARACTER_SET_RESULTS */;
/*!40101 SET COLLATION_CONNECTION=@OLD_COLLATION_CONNECTION */;
